fork,url,commits_from_user_on_fork,returned,created_at,pushed_at,user
gthompson90/OpenXcom,https://github.com/gthompson90/OpenXcom,0,False,2017-12-01T11:42:47Z,2017-11-09T03:37:31Z,gthompson90
taylorjonl/OpenXcom,https://github.com/taylorjonl/OpenXcom,0,False,2017-12-28T00:24:09Z,2017-12-22T01:43:16Z,taylorjonl
PrincessEve/OpenXcom,https://github.com/PrincessEve/OpenXcom,0,False,2018-01-17T02:48:54Z,2018-01-07T20:29:39Z,PrincessEve
Exaelitus/OpenXcom-macOS,https://github.com/Exaelitus/OpenXcom-macOS,1,False,2018-01-17T17:10:05Z,2020-07-29T17:54:37Z,Exaelitus
harveypekar/OpenXcom,https://github.com/harveypekar/OpenXcom,0,False,2018-01-25T20:44:19Z,2018-01-21T04:10:52Z,harveypekar
MBeijer/OpenXcom,https://github.com/MBeijer/OpenXcom,0,False,2018-02-03T16:14:58Z,2018-01-28T13:43:34Z,MBeijer
qrr/OpenXcom,https://github.com/qrr/OpenXcom,8,False,2018-02-03T19:32:18Z,2020-09-06T16:58:17Z,qrr
andir/OpenXcom,https://github.com/andir/OpenXcom,0,False,2018-02-13T14:19:59Z,2018-02-08T21:35:21Z,andir
RangelReale/OpenXcom,https://github.com/RangelReale/OpenXcom,0,False,2018-02-14T14:07:35Z,2018-02-22T14:32:54Z,RangelReale
DoxaLogosGit/OpenXcom,https://github.com/DoxaLogosGit/OpenXcom,7,True,2018-02-26T20:17:01Z,2019-10-08T19:07:53Z,DoxaLogosGit
phobos2077/OpenXcom,https://github.com/phobos2077/OpenXcom,0,False,2018-03-08T07:03:56Z,2018-03-06T02:26:49Z,phobos2077
ChangeMaker13/OpenXcom,https://github.com/ChangeMaker13/OpenXcom,0,False,2018-03-10T11:41:38Z,2018-03-10T02:37:56Z,ChangeMaker13
RkShaRkz/OpenXcom,https://github.com/RkShaRkz/OpenXcom,1,False,2018-04-01T00:45:14Z,2020-10-09T00:16:57Z,RkShaRkz
Huxellberger/OpenXcom,https://github.com/Huxellberger/OpenXcom,2,False,2018-04-08T17:01:23Z,2018-04-13T17:54:23Z,Huxellberger
razluta/OpenXcom,https://github.com/razluta/OpenXcom,0,False,2018-04-09T03:17:16Z,2018-04-09T02:04:02Z,razluta
rdwhite/OpenXcom,https://github.com/rdwhite/OpenXcom,0,False,2018-04-10T05:30:21Z,2018-04-10T01:19:39Z,rdwhite
oss-qm/OpenXcom,https://github.com/oss-qm/OpenXcom,0,False,2018-04-27T17:20:07Z,2018-04-27T17:30:23Z,oss-qm
teachtmhar/OpenXcom,https://github.com/teachtmhar/OpenXcom,0,False,2018-05-02T01:03:13Z,2018-05-01T19:27:37Z,teachtmhar
justinhachemeister/OpenXcom,https://github.com/justinhachemeister/OpenXcom,0,False,2018-05-12T20:16:00Z,2018-05-10T18:33:08Z,justinhachemeister
cxz/OpenXcom,https://github.com/cxz/OpenXcom,0,False,2018-06-02T18:39:56Z,2018-05-18T00:51:39Z,cxz
DaKing/OpenXcom,https://github.com/DaKing/OpenXcom,0,False,2018-06-03T00:11:14Z,2018-05-18T00:51:39Z,DaKing
Sondro/OpenXcom,https://github.com/Sondro/OpenXcom,0,False,2018-06-30T06:52:10Z,2018-06-22T00:59:34Z,Sondro
Player701/OpenXcom,https://github.com/Player701/OpenXcom,8,True,2018-07-01T17:12:59Z,2020-07-24T13:20:41Z,Player701
feiyunw/OpenXcom,https://github.com/feiyunw/OpenXcom,1,True,2018-07-05T08:59:23Z,2020-12-20T14:49:23Z,feiyunw
aap4ixx/OpenXcom,https://github.com/aap4ixx/OpenXcom,0,False,2018-07-12T07:54:58Z,2018-07-09T16:29:53Z,aap4ixx
dopplershift/OpenXcom,https://github.com/dopplershift/OpenXcom,2,True,2018-07-25T19:35:45Z,2021-04-21T18:18:46Z,dopplershift
adesst/OpenXcom,https://github.com/adesst/OpenXcom,1,True,2018-07-27T12:31:09Z,2020-04-19T04:42:59Z,adesst
zxzAndyMAC/OpenXcom,https://github.com/zxzAndyMAC/OpenXcom,0,False,2018-08-08T08:32:48Z,2018-08-03T10:35:16Z,zxzAndyMAC
sosga/openxcom,https://github.com/sosga/openxcom,0,False,2018-08-15T19:50:14Z,2021-04-01T19:53:17Z,sosga
JayDT/OpenXcom,https://github.com/JayDT/OpenXcom,1,False,2018-09-21T08:50:53Z,2018-09-21T12:53:01Z,JayDT
cpu123/OpenXcom,https://github.com/cpu123/OpenXcom,0,False,2018-10-18T06:32:31Z,2018-10-18T04:28:14Z,cpu123
prycejs/OpenXcom,https://github.com/prycejs/OpenXcom,0,False,2018-10-19T07:21:58Z,2018-10-19T00:34:58Z,prycejs
loomdoom/OpenXcom,https://github.com/loomdoom/OpenXcom,0,False,2018-10-28T11:25:54Z,2018-10-28T04:19:51Z,loomdoom
janisozaur/OpenXcom,https://github.com/janisozaur/OpenXcom,0,False,2018-10-28T21:01:31Z,2018-10-28T21:05:23Z,janisozaur
Nalca/OpenXcom,https://github.com/Nalca/OpenXcom,0,False,2018-10-29T09:11:30Z,2018-10-29T06:15:18Z,Nalca
iamchairs/OpenXcom,https://github.com/iamchairs/OpenXcom,0,False,2018-11-03T20:39:29Z,2019-12-16T21:53:06Z,iamchairs
Beep6581/OpenXcom,https://github.com/Beep6581/OpenXcom,1,True,2018-12-04T16:31:21Z,2018-12-04T16:46:35Z,Beep6581
padtedesco/OpenXcom,https://github.com/padtedesco/OpenXcom,0,False,2018-12-15T12:41:40Z,2018-12-05T18:52:23Z,padtedesco
d3m3vilurr/OpenXcom,https://github.com/d3m3vilurr/OpenXcom,0,False,2019-01-21T01:41:54Z,2019-02-27T15:16:43Z,d3m3vilurr
mewbak/OpenXcom,https://github.com/mewbak/OpenXcom,0,False,2019-02-14T14:19:00Z,2019-12-25T18:15:36Z,mewbak
agordeevw/OpenXcom,https://github.com/agordeevw/OpenXcom,0,False,2019-03-11T17:05:35Z,2019-03-07T18:03:47Z,agordeevw
KrugerHeavyIndustries/OpenXcom,https://github.com/KrugerHeavyIndustries/OpenXcom,0,False,2019-03-13T01:06:41Z,2019-03-12T21:33:19Z,KrugerHeavyIndustries
scprivate/OpenXcom,https://github.com/scprivate/OpenXcom,0,False,2019-03-30T00:08:47Z,2019-03-12T21:33:19Z,scprivate
MrWahWahFixit/OpenXcom,https://github.com/MrWahWahFixit/OpenXcom,0,False,2019-04-19T14:15:52Z,2019-04-07T17:41:11Z,MrWahWahFixit
spiderman82/OpenXcom,https://github.com/spiderman82/OpenXcom,0,False,2019-04-20T18:49:15Z,2019-04-07T17:41:11Z,spiderman82
NQNStudios/OpenXcom,https://github.com/NQNStudios/OpenXcom,0,False,2019-05-14T02:27:04Z,2019-05-11T19:11:11Z,NQNStudios
brucehs/OpenXcom,https://github.com/brucehs/OpenXcom,3,False,2019-05-24T22:48:34Z,2020-01-15T15:07:08Z,brucehs
MoonDog-/OpenXcom,https://github.com/MoonDog-/OpenXcom,0,False,2019-06-07T04:50:33Z,2019-06-05T10:34:46Z,MoonDog-
adityavs/OpenXcom,https://github.com/adityavs/OpenXcom,0,False,2019-07-18T13:32:56Z,2019-07-09T23:42:36Z,adityavs
Siern/OpenXcom,https://github.com/Siern/OpenXcom,0,False,2019-08-10T23:05:56Z,2019-08-10T23:13:31Z,Siern
jacob-likens/OpenXcom,https://github.com/jacob-likens/OpenXcom,0,False,2019-08-13T19:53:40Z,2019-08-13T10:58:43Z,jacob-likens
xhwyli/OpenXcom,https://github.com/xhwyli/OpenXcom,0,False,2019-09-13T20:14:16Z,2019-09-12T11:44:16Z,xhwyli
joaoiora/OpenXcom,https://github.com/joaoiora/OpenXcom,0,False,2019-09-22T18:25:03Z,2019-09-21T16:23:31Z,joaoiora
krzysztof-adamski/OpenXcom,https://github.com/krzysztof-adamski/OpenXcom,0,False,2019-10-06T13:37:28Z,2019-09-24T20:38:07Z,krzysztof-adamski
pyrokitsune777/OpenXcom,https://github.com/pyrokitsune777/OpenXcom,0,False,2019-10-13T08:50:03Z,2019-10-09T12:42:01Z,pyrokitsune777
starvindgold/OpenXcom,https://github.com/starvindgold/OpenXcom,0,False,2019-10-17T13:34:15Z,2019-10-09T12:42:01Z,starvindgold
jpfkd/OpenXcom,https://github.com/jpfkd/OpenXcom,0,False,2019-10-20T21:40:28Z,2019-10-18T10:33:53Z,jpfkd
kyapp69/OpenXcom,https://github.com/kyapp69/OpenXcom,0,False,2019-10-31T06:57:40Z,2019-10-27T13:49:45Z,kyapp69
Diego21ARG/OpenXcom,https://github.com/Diego21ARG/OpenXcom,0,False,2019-11-02T21:24:57Z,2019-11-02T21:28:10Z,Diego21ARG
kav2k/OpenXcom,https://github.com/kav2k/OpenXcom,5,True,2019-11-18T09:12:44Z,2020-03-25T15:56:04Z,kav2k
magicono43/OpenXcom,https://github.com/magicono43/OpenXcom,0,False,2019-11-23T00:43:29Z,2019-11-22T04:54:50Z,magicono43
Sickelmo83/OpenXcom,https://github.com/Sickelmo83/OpenXcom,0,False,2019-12-18T23:37:47Z,2019-12-01T10:30:35Z,Sickelmo83
maldun/OpenXcom,https://github.com/maldun/OpenXcom,0,False,2019-12-19T13:44:24Z,2020-07-08T11:20:57Z,maldun
mBr001/OpenXcom,https://github.com/mBr001/OpenXcom,0,False,2020-01-02T09:25:28Z,2020-01-01T21:08:41Z,mBr001
aybe/OpenXcom,https://github.com/aybe/OpenXcom,0,False,2020-01-03T21:18:09Z,2020-01-01T21:08:41Z,aybe
media-library/OpenXcom,https://github.com/media-library/OpenXcom,0,False,2020-01-23T07:42:49Z,2020-01-22T20:33:21Z,media-library
Galactic-Urchin/OpenXcom,https://github.com/Galactic-Urchin/OpenXcom,0,False,2020-01-25T03:54:39Z,2020-01-22T20:33:21Z,Galactic-Urchin
InfuriatedBrute/OpenXcom,https://github.com/InfuriatedBrute/OpenXcom,0,False,2020-02-01T23:59:31Z,2020-02-02T00:07:57Z,InfuriatedBrute
BigDawn/OpenXcom,https://github.com/BigDawn/OpenXcom,0,False,2020-02-15T17:02:15Z,2020-02-10T08:26:49Z,BigDawn
ChuniMuni/OpenXcom,https://github.com/ChuniMuni/OpenXcom,0,False,2020-02-22T11:08:33Z,2020-02-16T22:07:47Z,ChuniMuni
based-jace/OpenXcom,https://github.com/based-jace/OpenXcom,1,False,2020-04-05T07:40:03Z,2020-04-05T16:47:07Z,based-jace
strunz983/OpenXcom,https://github.com/strunz983/OpenXcom,0,False,2020-04-05T09:45:53Z,2020-04-05T09:11:13Z,strunz983
dirmich/OpenXcom,https://github.com/dirmich/OpenXcom,0,False,2020-04-25T08:19:29Z,2020-04-18T10:17:56Z,dirmich
earn9/OpenXcom,https://github.com/earn9/OpenXcom,0,False,2020-06-07T06:12:07Z,2020-06-05T06:10:54Z,earn9
SkyPrayerGameStudio/OpenXcom,https://github.com/SkyPrayerGameStudio/OpenXcom,0,False,2020-06-07T12:41:29Z,2020-06-05T06:10:54Z,SkyPrayerGameStudio
tomvd/OpenXcom,https://github.com/tomvd/OpenXcom,286,True,2020-07-20T11:11:38Z,2020-07-02T19:39:51Z,tomvd
Dra9o/OpenXcom,https://github.com/Dra9o/OpenXcom,0,False,2020-07-30T03:04:10Z,2020-07-24T13:17:47Z,Dra9o
KatoGuardian/OpenXcom,https://github.com/KatoGuardian/OpenXcom,0,False,2020-09-11T05:57:24Z,2020-09-04T01:57:58Z,KatoGuardian
somnolik/OpenXcom,https://github.com/somnolik/OpenXcom,0,False,2020-10-18T16:46:08Z,2020-12-10T10:04:05Z,somnolik
jeremytieman/OpenXcom,https://github.com/jeremytieman/OpenXcom,0,False,2020-10-21T23:33:31Z,2020-10-20T13:51:34Z,jeremytieman
Malibu-Stacey/OpenXcom,https://github.com/Malibu-Stacey/OpenXcom,1,True,2020-10-26T20:34:37Z,2021-01-12T19:47:22Z,Malibu-Stacey
uncletrunks/OpenXcom-od,https://github.com/uncletrunks/OpenXcom-od,17,False,2020-11-09T05:30:43Z,2020-11-20T06:15:37Z,uncletrunks
arcctgx/OpenXcom,https://github.com/arcctgx/OpenXcom,1,True,2020-12-04T20:05:21Z,2020-12-06T14:05:30Z,arcctgx
ArcticPheenix/OpenXcom,https://github.com/ArcticPheenix/OpenXcom,0,False,2020-12-07T15:03:37Z,2020-12-05T19:34:11Z,ArcticPheenix
pekka-aleksi/OpenXcom,https://github.com/pekka-aleksi/OpenXcom,0,False,2020-12-13T15:44:59Z,2020-12-05T19:34:11Z,pekka-aleksi
OpenSourceLibs/OpenXcom,https://github.com/OpenSourceLibs/OpenXcom,0,False,2020-12-15T17:28:30Z,2020-12-14T02:40:42Z,OpenSourceLibs
rujevic/OpenXcom,https://github.com/rujevic/OpenXcom,0,False,2021-02-02T15:41:30Z,2021-02-02T15:41:40Z,rujevic
goatfish/OpenXcom,https://github.com/goatfish/OpenXcom,0,False,2021-02-10T23:22:28Z,2021-02-07T17:41:47Z,goatfish
AxleUnix/OpenXcom,https://github.com/AxleUnix/OpenXcom,0,False,2021-02-14T05:58:08Z,2021-02-07T17:41:47Z,AxleUnix
pig005/OpenXcom,https://github.com/pig005/OpenXcom,3,True,2021-02-27T13:22:28Z,2021-04-04T04:39:40Z,pig005
p0ken/OpenXcom,https://github.com/p0ken/OpenXcom,0,False,2021-02-28T10:50:29Z,2021-02-27T14:32:53Z,p0ken
fimmtiu/OpenXcom-AI,https://github.com/fimmtiu/OpenXcom-AI,24,False,2021-03-15T04:24:15Z,2021-04-04T20:53:25Z,fimmtiu
lgimberis/OpenXcom,https://github.com/lgimberis/OpenXcom,0,False,2021-03-20T10:40:18Z,2021-03-15T04:56:06Z,lgimberis
favlarez/OpenXcom,https://github.com/favlarez/OpenXcom,0,False,2021-03-30T18:09:39Z,2021-03-29T10:49:26Z,favlarez
CTimmerman/OpenXcom,https://github.com/CTimmerman/OpenXcom,0,False,2021-03-31T19:04:37Z,2021-03-29T10:49:26Z,CTimmerman
kjherron/OpenXcom,https://github.com/kjherron/OpenXcom,0,False,2021-04-01T15:08:50Z,2021-03-29T10:49:26Z,kjherron
Rohitpandit021/OpenXcom,https://github.com/Rohitpandit021/OpenXcom,0,False,2021-04-19T07:11:29Z,2021-04-18T22:17:35Z,Rohitpandit021
Northfear/OpenXcom-vita,https://github.com/Northfear/OpenXcom-vita,5,False,2021-04-21T15:18:33Z,2021-05-05T17:18:24Z,Northfear
stephenwhittle/OpenXcom,https://github.com/stephenwhittle/OpenXcom,0,False,2021-04-28T06:50:41Z,2021-04-30T01:02:51Z,stephenwhittle
Mechachleopteryx/OpenXcom,https://github.com/Mechachleopteryx/OpenXcom,0,False,2021-05-03T21:28:21Z,2021-04-28T06:33:30Z,Mechachleopteryx
crackerizer/OpenXcom,https://github.com/crackerizer/OpenXcom,0,False,2014-07-19T06:03:31Z,2014-07-25T09:34:18Z,crackerizer
FalkoOXC/OpenXcom,https://github.com/FalkoOXC/OpenXcom,4,True,2014-07-25T10:14:08Z,2014-12-09T17:13:01Z,FalkoOXC
pkrcel/OpenXcom,https://github.com/pkrcel/OpenXcom,1,True,2014-08-13T21:13:31Z,2014-10-01T16:45:22Z,pkrcel
lesslol/OpenXcom,https://github.com/lesslol/OpenXcom,35,False,2014-08-14T14:54:19Z,2014-12-05T09:27:21Z,lesslol
MeridianOXC/OpenXcom,https://github.com/MeridianOXC/OpenXcom,2025,True,2014-08-20T17:19:10Z,2021-05-16T22:10:49Z,MeridianOXC
pg1337/OpenXcom,https://github.com/pg1337/OpenXcom,0,False,2014-08-22T11:03:46Z,2014-08-22T07:42:28Z,pg1337
miguelgarciaarribas/OpenXcom-1,https://github.com/miguelgarciaarribas/OpenXcom-1,0,False,2014-09-02T09:16:21Z,2014-09-03T10:35:11Z,miguelgarciaarribas
Smjert/OpenXcom,https://github.com/Smjert/OpenXcom,1,True,2014-09-04T10:36:31Z,2015-01-04T00:16:27Z,Smjert
skymarshall/OpenXcom,https://github.com/skymarshall/OpenXcom,2,False,2014-09-04T11:51:03Z,2014-09-10T19:23:13Z,skymarshall
yason/OpenXcom,https://github.com/yason/OpenXcom,2,True,2014-09-08T10:24:51Z,2016-12-15T09:36:22Z,yason
berkus/OpenXcom,https://github.com/berkus/OpenXcom,5,False,2014-09-11T08:47:24Z,2014-10-23T22:12:33Z,berkus
AMDmi3/OpenXcom,https://github.com/AMDmi3/OpenXcom,2,True,2014-09-11T15:18:36Z,2014-09-13T00:19:52Z,AMDmi3
fastwings/OpenXcom,https://github.com/fastwings/OpenXcom,0,False,2014-09-12T14:43:17Z,2014-09-12T09:16:19Z,fastwings
Qrust/OpenXcom,https://github.com/Qrust/OpenXcom,0,False,2014-09-12T20:04:08Z,2014-09-12T09:16:19Z,Qrust
davideOXC/OpenXcom,https://github.com/davideOXC/OpenXcom,1,False,2014-10-06T12:56:54Z,2018-06-02T16:56:08Z,davideOXC
caiiiycuk/xcom-emscripten,https://github.com/caiiiycuk/xcom-emscripten,0,False,2014-10-20T12:28:59Z,2015-12-22T17:08:53Z,caiiiycuk
bslaveboy/OpenXcom,https://github.com/bslaveboy/OpenXcom,0,False,2014-10-21T20:20:33Z,2014-12-17T07:14:02Z,bslaveboy
jflohr3/OpenXcom,https://github.com/jflohr3/OpenXcom,0,False,2014-10-26T00:55:07Z,2014-10-24T09:38:42Z,jflohr3
ivanfaqerstein/OpenXcom,https://github.com/ivanfaqerstein/OpenXcom,0,False,2014-11-07T07:46:11Z,2014-10-27T19:40:26Z,ivanfaqerstein
MartinDC/OpenXcom-m,https://github.com/MartinDC/OpenXcom-m,0,False,2014-11-14T20:36:02Z,2014-10-27T19:40:26Z,MartinDC
BHSDuncan/OpenXcom,https://github.com/BHSDuncan/OpenXcom,0,False,2014-11-17T04:39:49Z,2016-06-23T03:18:49Z,BHSDuncan
korhadris/OpenXcom,https://github.com/korhadris/OpenXcom,2,True,2015-01-04T19:44:06Z,2015-01-10T19:44:50Z,korhadris
Bladum/OpenXcom,https://github.com/Bladum/OpenXcom,35,False,2015-01-06T12:18:01Z,2015-01-18T17:11:28Z,Bladum
oculushut/OpenXcom,https://github.com/oculushut/OpenXcom,0,False,2015-04-27T10:21:51Z,2015-04-23T20:33:15Z,oculushut
Tasoth/OpenXcom,https://github.com/Tasoth/OpenXcom,0,False,2015-05-25T18:11:17Z,2015-05-25T19:45:53Z,Tasoth
AngledStream/OpenXcom,https://github.com/AngledStream/OpenXcom,0,False,2015-06-25T20:52:47Z,2015-06-24T22:06:04Z,AngledStream
Arthanor/OpenXcom,https://github.com/Arthanor/OpenXcom,0,False,2015-07-13T19:14:39Z,2015-07-13T10:22:50Z,Arthanor
ryanwhitehouse/OpenXcom,https://github.com/ryanwhitehouse/OpenXcom,0,False,2015-07-19T05:36:08Z,2015-07-13T10:22:50Z,ryanwhitehouse
RJPercival/OpenXcom,https://github.com/RJPercival/OpenXcom,0,False,2015-07-30T02:27:44Z,2015-10-16T11:13:43Z,RJPercival
a-detiste/OpenXcom,https://github.com/a-detiste/OpenXcom,2,True,2015-08-02T11:49:45Z,2015-08-05T06:40:04Z,a-detiste
gerv/OpenXcom,https://github.com/gerv/OpenXcom,0,False,2015-08-02T13:11:20Z,2015-08-11T23:07:10Z,gerv
rcreasey/OpenXcom,https://github.com/rcreasey/OpenXcom,13,True,2015-08-06T03:51:18Z,2018-08-05T04:25:19Z,rcreasey
kaizhu256/OpenXcom,https://github.com/kaizhu256/OpenXcom,0,False,2015-08-10T02:22:53Z,2019-07-15T05:41:16Z,kaizhu256
Crutchmaster/OpenXcom,https://github.com/Crutchmaster/OpenXcom,0,False,2015-08-13T07:28:58Z,2017-02-02T08:50:36Z,Crutchmaster
bshortridge/OpenXcom,https://github.com/bshortridge/OpenXcom,0,False,2015-08-17T13:34:24Z,2016-05-30T22:15:50Z,bshortridge
CMDBob/OpenXcom,https://github.com/CMDBob/OpenXcom,0,False,2015-08-23T21:41:08Z,2015-08-23T21:10:16Z,CMDBob
scyt4l3/OpenXcom,https://github.com/scyt4l3/OpenXcom,0,False,2015-09-01T15:30:46Z,2015-09-01T06:49:07Z,scyt4l3
R1dO/OpenXcom,https://github.com/R1dO/OpenXcom,32,True,2015-09-09T20:15:08Z,2021-03-22T18:04:47Z,R1dO
NHOrus/OpenXcom,https://github.com/NHOrus/OpenXcom,35,True,2015-09-11T16:51:38Z,2020-07-08T18:10:23Z,NHOrus
DreamThorn/OpenXcom,https://github.com/DreamThorn/OpenXcom,1,True,2015-09-14T13:58:42Z,2015-09-29T15:17:15Z,DreamThorn
spdecker/OpenXcom,https://github.com/spdecker/OpenXcom,0,False,2015-09-17T14:39:48Z,2015-09-15T22:25:19Z,spdecker
0x90sled/OpenXcom,https://github.com/0x90sled/OpenXcom,0,False,2015-09-22T01:11:38Z,2015-09-21T07:32:18Z,0x90sled
Xracer/OXCHD,https://github.com/Xracer/OXCHD,96,True,2015-09-30T02:20:27Z,2018-04-02T04:37:13Z,Xracer
theomission/OpenXcom,https://github.com/theomission/OpenXcom,0,False,2015-11-13T10:04:52Z,2015-11-09T20:16:26Z,theomission
sheepo99/OpenXcom,https://github.com/sheepo99/OpenXcom,4,True,2015-11-21T15:48:21Z,2015-11-17T15:28:59Z,sheepo99
MoseySauce/OpenXcom,https://github.com/MoseySauce/OpenXcom,0,False,2015-11-25T00:51:04Z,2015-11-22T21:39:03Z,MoseySauce
tensea/OpenXcom,https://github.com/tensea/OpenXcom,0,False,2015-12-07T16:39:51Z,2020-01-11T16:06:38Z,tensea
pombredanne/OpenXcom,https://github.com/pombredanne/OpenXcom,0,False,2015-12-13T11:41:25Z,2015-12-12T17:35:46Z,pombredanne
wleroux/OpenXcom,https://github.com/wleroux/OpenXcom,0,False,2016-01-02T20:07:12Z,2016-01-03T18:46:12Z,wleroux
vkandola/OpenXcom,https://github.com/vkandola/OpenXcom,0,False,2016-01-03T07:34:30Z,2016-01-03T05:31:14Z,vkandola
tspoff/OpenXcom,https://github.com/tspoff/OpenXcom,5,False,2016-01-18T04:13:59Z,2016-02-03T21:45:37Z,tspoff
tbrush/XCOM-Upgrade,https://github.com/tbrush/XCOM-Upgrade,0,False,2016-01-18T14:51:33Z,2016-01-17T01:27:46Z,tbrush
Hordeking/OpenXcom,https://github.com/Hordeking/OpenXcom,0,False,2016-01-19T02:28:59Z,2019-06-09T05:51:14Z,Hordeking
nishazzar/OpenXcom,https://github.com/nishazzar/OpenXcom,0,False,2016-01-23T12:17:15Z,2016-01-23T00:16:22Z,nishazzar
holben/OpenXcom,https://github.com/holben/OpenXcom,0,False,2016-01-24T07:08:54Z,2016-01-23T15:52:34Z,holben
asarbs/OpenXcom,https://github.com/asarbs/OpenXcom,0,False,2016-01-31T16:14:22Z,2016-01-30T07:08:16Z,asarbs
Cloudxtreme/OpenXcom,https://github.com/Cloudxtreme/OpenXcom,0,False,2016-02-02T07:39:51Z,2016-02-02T05:03:41Z,Cloudxtreme
ziacko/OpenXcom,https://github.com/ziacko/OpenXcom,0,False,2016-02-05T04:25:19Z,2016-02-04T20:05:05Z,ziacko
RogerBennett/OpenXcom,https://github.com/RogerBennett/OpenXcom,0,False,2016-02-12T23:26:19Z,2016-02-04T20:05:05Z,RogerBennett
hartmark/OpenXcom,https://github.com/hartmark/OpenXcom,2,True,2016-03-03T00:23:56Z,2019-05-03T23:29:06Z,hartmark
thechap909/OpenXcom,https://github.com/thechap909/OpenXcom,0,False,2016-03-15T20:43:40Z,2016-03-14T23:37:07Z,thechap909
CliffsDover/OpenXcom,https://github.com/CliffsDover/OpenXcom,0,False,2016-04-01T02:00:32Z,2016-03-31T00:02:07Z,CliffsDover
bsmr-games/OpenXcom,https://github.com/bsmr-games/OpenXcom,0,False,2016-04-07T19:51:16Z,2016-04-06T23:09:02Z,bsmr-games
Xtendo-com/OpenXcom,https://github.com/Xtendo-com/OpenXcom,0,False,2016-04-20T16:37:01Z,2016-05-22T10:36:17Z,Xtendo-com
JDarthenay/OpenXcom,https://github.com/JDarthenay/OpenXcom,14,True,2016-04-27T19:06:27Z,2016-06-30T04:43:22Z,JDarthenay
hackur/OpenXcom,https://github.com/hackur/OpenXcom,0,False,2016-05-19T01:36:50Z,2016-05-15T22:27:00Z,hackur
maniacs-games/OpenXcom,https://github.com/maniacs-games/OpenXcom,0,False,2016-05-24T16:05:01Z,2016-09-21T10:15:42Z,maniacs-games
Manuel-K/OpenXcom,https://github.com/Manuel-K/OpenXcom,0,False,2016-06-05T11:19:37Z,2016-06-09T09:04:55Z,Manuel-K
cha63506/OpenXcom,https://github.com/cha63506/OpenXcom,0,False,2016-06-08T01:07:32Z,2016-06-05T11:25:19Z,cha63506
boozedog/OpenXcom,https://github.com/boozedog/OpenXcom,28,True,2016-06-15T19:32:07Z,2016-06-15T17:57:53Z,boozedog
jeancallisti/OpenXcom,https://github.com/jeancallisti/OpenXcom,0,False,2016-06-28T21:56:45Z,2016-06-27T01:56:02Z,jeancallisti
safecorners2015/OpenXcom,https://github.com/safecorners2015/OpenXcom,0,False,2016-08-24T15:36:06Z,2016-08-20T15:16:59Z,safecorners2015
TheStormkeeper/OpenXcom,https://github.com/TheStormkeeper/OpenXcom,0,False,2016-09-29T23:41:46Z,2016-09-25T15:26:17Z,TheStormkeeper
franciscobacona/OpenXcom,https://github.com/franciscobacona/OpenXcom,0,False,2016-11-01T06:43:20Z,2016-11-01T07:18:03Z,franciscobacona
uqs/OpenXcom,https://github.com/uqs/OpenXcom,20,True,2016-11-23T19:05:25Z,2021-01-19T09:39:46Z,uqs
bettina86/OpenXcom,https://github.com/bettina86/OpenXcom,0,False,2016-12-09T21:46:36Z,2016-12-05T17:05:14Z,bettina86
digideskio/OpenXcom,https://github.com/digideskio/OpenXcom,0,False,2017-01-10T00:27:47Z,2017-01-09T22:09:10Z,digideskio
slowriot/OpenXcom,https://github.com/slowriot/OpenXcom,1,True,2017-01-18T02:22:41Z,2017-01-18T02:25:36Z,slowriot
specialsymbol/OpenXcom,https://github.com/specialsymbol/OpenXcom,0,False,2017-02-10T00:07:16Z,2017-02-08T23:23:34Z,specialsymbol
kristomu/OpenXcom,https://github.com/kristomu/OpenXcom,19,True,2017-02-21T10:53:17Z,2017-03-07T18:55:59Z,kristomu
woutershep/OpenXcom,https://github.com/woutershep/OpenXcom,0,False,2017-03-01T14:43:39Z,2017-03-01T15:14:01Z,woutershep
snicmtl/OpenXcom,https://github.com/snicmtl/OpenXcom,0,False,2017-03-08T21:10:30Z,2017-03-08T20:22:52Z,snicmtl
resultant-gamedev/OpenXcom,https://github.com/resultant-gamedev/OpenXcom,0,False,2017-04-02T06:45:52Z,2017-03-21T23:20:58Z,resultant-gamedev
hayate891/OpenXcom,https://github.com/hayate891/OpenXcom,0,False,2017-04-10T19:54:45Z,2017-04-02T07:10:18Z,hayate891
link2xt/OpenXcom,https://github.com/link2xt/OpenXcom,0,False,2017-05-26T11:18:02Z,2017-05-26T07:09:46Z,link2xt
eroen/OpenXcom,https://github.com/eroen/OpenXcom,0,False,2017-05-28T09:14:23Z,2017-05-26T22:29:55Z,eroen
hellrazor4223/OpenXcom,https://github.com/hellrazor4223/OpenXcom,0,False,2017-06-05T12:00:50Z,2017-06-27T21:42:35Z,hellrazor4223
azamorapl/OpenXcom,https://github.com/azamorapl/OpenXcom,1,True,2017-06-14T16:54:28Z,2017-06-28T23:49:20Z,azamorapl
cainiao1989/OpenXcom,https://github.com/cainiao1989/OpenXcom,0,False,2017-06-25T07:27:41Z,2017-06-18T16:51:50Z,cainiao1989
potatocommune/OpenXcom,https://github.com/potatocommune/OpenXcom,0,False,2017-06-26T12:51:42Z,2017-06-26T11:03:17Z,potatocommune
AresAndy/OpenXcom,https://github.com/AresAndy/OpenXcom,1,False,2017-07-10T18:06:46Z,2017-07-10T18:10:49Z,AresAndy
vluismx/OpenXcom,https://github.com/vluismx/OpenXcom,0,False,2017-07-21T01:48:54Z,2017-07-18T21:14:18Z,vluismx
ryz/OpenXcom,https://github.com/ryz/OpenXcom,3,False,2017-07-23T19:29:44Z,2017-07-23T22:23:02Z,ryz
mike-teehan/OpenXcom,https://github.com/mike-teehan/OpenXcom,0,False,2017-07-26T03:24:30Z,2017-07-26T03:35:20Z,mike-teehan
hxhieu/OpenXcom,https://github.com/hxhieu/OpenXcom,0,False,2017-07-30T11:49:22Z,2017-07-23T22:23:03Z,hxhieu
maweki/OpenXcom,https://github.com/maweki/OpenXcom,1,True,2017-08-20T17:39:22Z,2017-08-22T10:19:27Z,maweki
aytereschenko/OpenXcom,https://github.com/aytereschenko/OpenXcom,0,False,2017-09-14T19:58:09Z,2017-09-13T10:48:36Z,aytereschenko
dmaulikr/OpenXcom,https://github.com/dmaulikr/OpenXcom,0,False,2017-09-20T04:25:51Z,2017-09-16T20:01:18Z,dmaulikr
stewartmatheson/OpenXcom,https://github.com/stewartmatheson/OpenXcom,0,False,2017-10-29T12:22:40Z,2017-10-27T18:09:11Z,stewartmatheson
terrorcide/OpenXcom,https://github.com/terrorcide/OpenXcom,0,False,2017-11-15T22:40:18Z,2017-11-09T03:37:31Z,terrorcide
alienjon/OpenXcom,https://github.com/alienjon/OpenXcom,7,True,2011-12-21T14:44:51Z,2012-11-10T06:04:43Z,alienjon
yoyko/OpenXcom,https://github.com/yoyko/OpenXcom,0,False,2012-01-12T22:33:07Z,2012-01-12T22:44:19Z,yoyko
JohnVidler/OpenXcom,https://github.com/JohnVidler/OpenXcom,0,False,2012-01-27T22:15:05Z,2012-01-22T15:31:11Z,JohnVidler
sgtltd/OpenXcom,https://github.com/sgtltd/OpenXcom,0,False,2012-02-05T23:26:22Z,2012-02-05T22:34:33Z,sgtltd
zyxophoj/OpenXcom,https://github.com/zyxophoj/OpenXcom,1,True,2012-02-26T18:12:35Z,2013-05-12T17:12:51Z,zyxophoj
wesy946072/OpenXcom,https://github.com/wesy946072/OpenXcom,0,False,2012-04-17T17:17:03Z,2012-04-17T14:45:17Z,wesy946072
Zharik1999/OpenXcom,https://github.com/Zharik1999/OpenXcom,0,False,2012-04-30T10:51:08Z,2012-07-18T07:30:27Z,Zharik1999
olivier2/OpenXcom,https://github.com/olivier2/OpenXcom,0,False,2012-07-05T02:01:40Z,2012-06-24T18:14:09Z,olivier2
d2uriel/OpenXcom,https://github.com/d2uriel/OpenXcom,9,True,2012-07-25T10:43:47Z,2012-11-06T07:50:17Z,d2uriel
radius75/OpenXcom,https://github.com/radius75/OpenXcom,54,True,2012-08-07T15:43:44Z,2013-11-10T13:38:34Z,radius75
ObsidianBlk/OpenXcom,https://github.com/ObsidianBlk/OpenXcom,0,False,2012-09-04T12:21:04Z,2012-08-30T17:16:42Z,ObsidianBlk
fluffyfreak/OpenXcom,https://github.com/fluffyfreak/OpenXcom,0,False,2012-09-16T16:22:31Z,2014-06-16T15:41:58Z,fluffyfreak
wesy/OpenXcom-1,https://github.com/wesy/OpenXcom-1,0,False,2012-09-27T17:59:26Z,2012-09-25T19:13:39Z,wesy
AndO3131/OpenXcom,https://github.com/AndO3131/OpenXcom,23,True,2012-10-14T10:22:38Z,2019-01-04T09:52:40Z,AndO3131
rickyah/OpenXcom,https://github.com/rickyah/OpenXcom,0,False,2012-10-14T13:17:20Z,2012-10-12T22:57:12Z,rickyah
kalxas/OpenXcom,https://github.com/kalxas/OpenXcom,8,True,2012-10-15T08:18:50Z,2018-10-28T19:46:48Z,kalxas
zugz/OpenXcom,https://github.com/zugz/OpenXcom,1,True,2012-10-18T03:30:04Z,2014-06-28T21:34:16Z,zugz
DiegoVazquezNanini/OpenXcom,https://github.com/DiegoVazquezNanini/OpenXcom,0,False,2012-10-18T19:24:44Z,2012-10-18T19:05:41Z,DiegoVazquezNanini
Warboy1982/OpenXcom,https://github.com/Warboy1982/OpenXcom,14,True,2012-10-24T14:15:51Z,2015-01-02T13:07:12Z,Warboy1982
karvanit/OpenXcom,https://github.com/karvanit/OpenXcom,83,True,2012-10-25T07:54:54Z,2013-07-08T17:08:16Z,karvanit
grrussel/OpenXcom,https://github.com/grrussel/OpenXcom,2,True,2012-11-11T23:47:11Z,2012-11-29T22:56:14Z,grrussel
fenyo1/OpenXcom,https://github.com/fenyo1/OpenXcom,107,True,2012-11-20T04:42:31Z,2014-07-06T09:12:43Z,fenyo1
Munkeylord/OpenXcom,https://github.com/Munkeylord/OpenXcom,0,False,2012-11-20T14:50:30Z,2012-11-20T04:27:43Z,Munkeylord
knapsu/OpenXcom,https://github.com/knapsu/OpenXcom,11,True,2012-11-21T22:37:38Z,2017-07-19T04:37:28Z,knapsu
alienfood/OpenXcom,https://github.com/alienfood/OpenXcom,9,True,2012-11-26T00:00:40Z,2019-11-04T21:06:17Z,alienfood
Tripphippie/OpenXcom,https://github.com/Tripphippie/OpenXcom,0,False,2012-11-30T02:31:43Z,2012-11-29T19:02:09Z,Tripphippie
cdietschrun/OpenXcom,https://github.com/cdietschrun/OpenXcom,1,True,2013-01-05T18:04:38Z,2013-02-19T17:30:20Z,cdietschrun
hmaon/OpenXcom,https://github.com/hmaon/OpenXcom,269,True,2013-01-07T00:28:15Z,2013-04-28T01:33:44Z,hmaon
sandhyadarshini/OpenXcom,https://github.com/sandhyadarshini/OpenXcom,0,False,2013-01-30T15:56:12Z,2013-01-30T03:51:38Z,sandhyadarshini
zpmorgan/OpenXcom,https://github.com/zpmorgan/OpenXcom,0,False,2013-02-17T03:47:46Z,2013-02-25T18:08:45Z,zpmorgan
redv/OpenXcom,https://github.com/redv/OpenXcom,255,True,2013-02-17T09:22:12Z,2015-05-19T23:37:01Z,redv
gbonik/OpenXcom,https://github.com/gbonik/OpenXcom,5,True,2013-02-18T22:21:34Z,2013-02-19T05:05:08Z,gbonik
iThompson/OpenXcom,https://github.com/iThompson/OpenXcom,1,True,2013-02-24T05:50:16Z,2013-02-24T06:13:32Z,iThompson
szabopeter/OpenXcom,https://github.com/szabopeter/OpenXcom,0,False,2013-03-19T08:48:55Z,2014-04-02T15:20:32Z,szabopeter
MirandaJanell/OpenXcom,https://github.com/MirandaJanell/OpenXcom,0,False,2013-04-20T07:14:53Z,2013-04-20T03:44:28Z,MirandaJanell
winterheart/OpenXcom,https://github.com/winterheart/OpenXcom,43,True,2013-05-03T11:06:37Z,2017-03-16T04:00:21Z,winterheart
bugamn/OpenXcom,https://github.com/bugamn/OpenXcom,0,False,2013-05-05T21:57:25Z,2016-07-28T16:30:00Z,bugamn
xrabohrok/OpenXcom,https://github.com/xrabohrok/OpenXcom,5,True,2013-05-09T00:02:14Z,2013-05-21T16:42:11Z,xrabohrok
arirahikkala/OpenXcom,https://github.com/arirahikkala/OpenXcom,0,False,2013-05-09T07:18:54Z,2013-05-09T07:24:51Z,arirahikkala
mitaes/OpenXcom,https://github.com/mitaes/OpenXcom,0,False,2013-05-17T07:23:50Z,2013-05-17T07:25:24Z,mitaes
lt90/OpenXcom,https://github.com/lt90/OpenXcom,0,False,2013-05-19T23:49:48Z,2013-05-23T04:52:23Z,lt90
umezuke/OpenXcom,https://github.com/umezuke/OpenXcom,0,False,2013-05-23T16:22:53Z,2013-05-23T09:47:34Z,umezuke
silentsanta/OpenXcom,https://github.com/silentsanta/OpenXcom,0,False,2013-05-25T13:31:18Z,2013-05-25T13:29:54Z,silentsanta
cybergerac/OpenXcom,https://github.com/cybergerac/OpenXcom,0,False,2013-05-25T19:54:39Z,2013-05-25T20:00:30Z,cybergerac
hthief/OpenXcom,https://github.com/hthief/OpenXcom,0,False,2013-05-31T13:20:09Z,2013-05-31T12:20:41Z,hthief
evktalo/OpenXcom,https://github.com/evktalo/OpenXcom,2,True,2013-06-12T11:00:40Z,2014-11-24T20:24:12Z,evktalo
mydmitry/OpenXcom,https://github.com/mydmitry/OpenXcom,3,True,2013-06-16T15:26:17Z,2013-06-16T16:48:56Z,mydmitry
myk002/OpenXcom,https://github.com/myk002/OpenXcom,238,True,2013-06-26T02:45:39Z,2021-04-08T22:23:52Z,myk002
cpages/OpenXcom,https://github.com/cpages/OpenXcom,1,True,2013-06-26T18:55:17Z,2014-06-18T22:12:56Z,cpages
Phezzan/OpenXcom,https://github.com/Phezzan/OpenXcom,62,True,2013-06-28T15:34:41Z,2017-04-21T19:35:51Z,Phezzan
Shoes01/OpenXcom,https://github.com/Shoes01/OpenXcom,309,True,2013-07-04T15:13:06Z,2020-12-16T12:27:43Z,Shoes01
stefkosdev/OpenXcom,https://github.com/stefkosdev/OpenXcom,4,True,2013-07-08T19:07:52Z,2013-08-05T20:18:03Z,stefkosdev
cfailde/OpenXcom,https://github.com/cfailde/OpenXcom,113,True,2013-07-12T15:21:26Z,2014-09-14T04:47:01Z,cfailde
louisdx/OpenXcom,https://github.com/louisdx/OpenXcom,13,True,2013-07-21T14:39:30Z,2017-08-26T00:27:17Z,louisdx
Juju-Dredd/OpenXcom,https://github.com/Juju-Dredd/OpenXcom,0,False,2013-08-27T20:49:10Z,2013-09-01T12:49:53Z,Juju-Dredd
bokmcdok/OpenXcom,https://github.com/bokmcdok/OpenXcom,0,False,2013-09-08T14:22:39Z,2013-09-08T02:02:07Z,bokmcdok
2xG/OpenXcom,https://github.com/2xG/OpenXcom,0,False,2013-09-27T06:07:05Z,2013-10-09T00:27:46Z,2xG
keeper/OpenXcom,https://github.com/keeper/OpenXcom,1,True,2013-10-05T21:02:42Z,2013-11-08T08:11:09Z,keeper
atlimit8/OpenXcom,https://github.com/atlimit8/OpenXcom,5,True,2013-10-06T21:17:06Z,2021-02-12T22:55:04Z,atlimit8
spiridovich/OpenXcom,https://github.com/spiridovich/OpenXcom,0,False,2013-10-07T12:56:30Z,2013-10-07T08:38:58Z,spiridovich
dtrushn/OpenXcom,https://github.com/dtrushn/OpenXcom,8,True,2013-10-31T19:03:59Z,2013-11-04T23:53:58Z,dtrushn
ShadowGJ/OpenXcom,https://github.com/ShadowGJ/OpenXcom,3,True,2013-11-02T15:11:23Z,2013-11-02T15:13:02Z,ShadowGJ
Scarberian/OpenXcom,https://github.com/Scarberian/OpenXcom,0,False,2013-11-24T16:29:49Z,2013-11-24T06:37:37Z,Scarberian
maszekmadhacker/OpenXcom,https://github.com/maszekmadhacker/OpenXcom,0,False,2013-12-13T13:28:39Z,2013-12-13T11:11:38Z,maszekmadhacker
gamebytes/OpenXcom,https://github.com/gamebytes/OpenXcom,0,False,2013-12-13T21:49:12Z,2013-12-13T11:11:38Z,gamebytes
parreirat/OpenXcom,https://github.com/parreirat/OpenXcom,0,False,2014-01-03T16:37:41Z,2013-12-30T14:21:31Z,parreirat
Pascal666/OpenXcom,https://github.com/Pascal666/OpenXcom,0,False,2014-01-15T19:01:34Z,2014-01-24T01:10:02Z,Pascal666
Firgeis/OpenXcom,https://github.com/Firgeis/OpenXcom,0,False,2014-01-28T22:17:03Z,2014-02-12T21:37:43Z,Firgeis
JoakimSoderberg/OpenXcom,https://github.com/JoakimSoderberg/OpenXcom,0,False,2014-01-29T17:05:28Z,2014-02-04T00:21:36Z,JoakimSoderberg
lee-dohm/OpenXcom,https://github.com/lee-dohm/OpenXcom,0,False,2014-01-31T02:34:19Z,2014-01-30T07:23:21Z,lee-dohm
attractor-set/OpenXcom,https://github.com/attractor-set/OpenXcom,0,False,2014-02-04T21:17:11Z,2014-02-04T06:27:11Z,attractor-set
DouglasMeyer/OpenXcom,https://github.com/DouglasMeyer/OpenXcom,0,False,2014-02-23T14:15:56Z,2014-02-23T22:47:17Z,DouglasMeyer
AngelusEV/OpenXcom,https://github.com/AngelusEV/OpenXcom,0,False,2014-02-24T19:20:45Z,2014-02-23T18:21:39Z,AngelusEV
Partybwal/OpenXcom,https://github.com/Partybwal/OpenXcom,3,False,2014-03-12T01:10:11Z,2014-03-26T16:44:48Z,Partybwal
TBrashear/OpenXcom,https://github.com/TBrashear/OpenXcom,0,False,2014-03-12T14:52:41Z,2014-03-11T11:18:29Z,TBrashear
andy-uq/OpenXcom,https://github.com/andy-uq/OpenXcom,0,False,2014-03-15T00:08:06Z,2014-03-13T12:50:38Z,andy-uq
DarkDefender/OpenXcom,https://github.com/DarkDefender/OpenXcom,5,True,2014-04-14T16:54:04Z,2014-06-13T13:11:44Z,DarkDefender
fudgedragon/OpenXcom,https://github.com/fudgedragon/OpenXcom,0,False,2014-05-09T08:36:00Z,2015-06-15T05:57:19Z,fudgedragon
sfalexrog/OpenXcom,https://github.com/sfalexrog/OpenXcom,174,True,2014-05-23T15:22:44Z,2018-02-04T12:32:18Z,sfalexrog
fibercube/OpenXcom,https://github.com/fibercube/OpenXcom,0,False,2014-06-04T09:25:33Z,2014-06-04T04:41:19Z,fibercube
j-n-wood/OXCHD,https://github.com/j-n-wood/OXCHD,1,False,2014-06-06T23:47:58Z,2014-06-07T03:01:24Z,j-n-wood
topaxi/OpenXcom,https://github.com/topaxi/OpenXcom,2,True,2014-06-09T10:47:36Z,2014-09-07T15:20:39Z,topaxi
Darineth/OpenXcom,https://github.com/Darineth/OpenXcom,20,False,2014-06-14T14:43:00Z,2021-02-21T18:30:56Z,Darineth
duaneking/OpenXcom,https://github.com/duaneking/OpenXcom,0,False,2014-06-14T17:53:15Z,2014-06-14T17:35:32Z,duaneking
XeresRazor/OpenXcom,https://github.com/XeresRazor/OpenXcom,0,False,2014-06-14T20:43:03Z,2014-06-14T19:58:12Z,XeresRazor
feralbob/OpenXcom,https://github.com/feralbob/OpenXcom,0,False,2014-06-14T23:46:28Z,2014-06-14T19:58:12Z,feralbob
hsz-gamedev/SupSuper--OpenXcom,https://github.com/hsz-gamedev/SupSuper--OpenXcom,0,False,2014-06-15T12:58:28Z,2014-06-14T19:58:12Z,hsz-gamedev
omega69/OpenXcom,https://github.com/omega69/OpenXcom,0,False,2014-06-16T22:08:37Z,2014-06-14T19:58:12Z,omega69
bussiere/OpenXcom,https://github.com/bussiere/OpenXcom,0,False,2014-06-17T21:10:21Z,2014-06-17T16:05:03Z,bussiere
54x/OpenXcom,https://github.com/54x/OpenXcom,48,True,2014-06-20T21:48:19Z,2014-06-24T11:11:32Z,54x
JonnyH/OpenXcom,https://github.com/JonnyH/OpenXcom,13,True,2014-06-21T03:56:10Z,2021-05-09T19:50:11Z,JonnyH
ajschult/OpenXcom,https://github.com/ajschult/OpenXcom,20,True,2014-06-21T22:34:40Z,2019-05-27T22:36:39Z,ajschult
HueponiK/OpenXcom,https://github.com/HueponiK/OpenXcom,2,True,2014-06-22T17:28:31Z,2020-04-30T10:37:58Z,HueponiK
batteryShin/OpenXcom,https://github.com/batteryShin/OpenXcom,0,False,2014-06-24T05:14:39Z,2014-06-24T01:08:50Z,batteryShin
yahuaska/OpenXcom,https://github.com/yahuaska/OpenXcom,0,False,2014-07-02T10:16:39Z,2014-07-01T06:45:34Z,yahuaska
ibanix/OpenXcom,https://github.com/ibanix/OpenXcom,0,False,2014-07-04T04:43:37Z,2014-07-03T16:48:18Z,ibanix
iforand/OpenXcom,https://github.com/iforand/OpenXcom,2,True,2014-07-05T11:46:50Z,2014-07-08T10:22:47Z,iforand
dalerank/OpenXcom,https://github.com/dalerank/OpenXcom,0,False,2014-07-11T10:05:20Z,2014-07-09T18:12:12Z,dalerank
hackbunny/OpenXcom,https://github.com/hackbunny/OpenXcom,0,False,2014-07-14T14:40:55Z,2014-10-20T11:06:06Z,hackbunny
stavrossk/OpenXcom,https://github.com/stavrossk/OpenXcom,1,False,2014-07-14T20:46:54Z,2015-03-03T17:47:18Z,stavrossk
sirnacnud/OpenXcom,https://github.com/sirnacnud/OpenXcom,3,True,2011-02-23T02:54:40Z,2011-11-29T04:47:31Z,sirnacnud
gpin/OpenXcom,https://github.com/gpin/OpenXcom,4,True,2011-03-12T10:39:50Z,2011-03-18T13:48:12Z,gpin
UnkLegacy/OpenXcom,https://github.com/UnkLegacy/OpenXcom,0,False,2011-05-05T01:59:38Z,2011-05-04T23:07:04Z,UnkLegacy
bluecat76/OpenXcom,https://github.com/bluecat76/OpenXcom,0,False,2011-06-16T21:36:03Z,2012-05-01T23:38:06Z,bluecat76
Istrebitel/OpenXcom,https://github.com/Istrebitel/OpenXcom,2,True,2011-08-02T06:31:32Z,2016-09-29T10:53:45Z,Istrebitel
Yankes/OpenXcom,https://github.com/Yankes/OpenXcom,573,True,2011-08-20T21:23:59Z,2021-05-16T14:00:03Z,Yankes
jimu/OpenXcom,https://github.com/jimu/OpenXcom,3,True,2011-09-16T14:03:42Z,2011-09-28T20:17:08Z,jimu
gchevallereau/OpenXcom,https://github.com/gchevallereau/OpenXcom,0,False,2011-09-25T16:43:29Z,2012-02-25T18:11:01Z,gchevallereau
Shugyousha/OpenXcom,https://github.com/Shugyousha/OpenXcom,6,True,2011-09-29T18:43:38Z,2012-12-24T11:16:38Z,Shugyousha
bubblecannon/OpenXcom,https://github.com/bubblecannon/OpenXcom,0,False,2011-10-14T21:02:50Z,2011-10-13T19:09:16Z,bubblecannon
Devanon/OpenXcom,https://github.com/Devanon/OpenXcom,0,False,2011-10-16T17:12:14Z,2011-10-19T22:50:40Z,Devanon
ben0x539/OpenXcom,https://github.com/ben0x539/OpenXcom,1,True,2011-10-17T14:32:19Z,2011-10-24T10:23:29Z,ben0x539
Gilligan-MN/OpenXcom,https://github.com/Gilligan-MN/OpenXcom,0,False,2011-12-03T03:50:14Z,2011-11-30T14:44:53Z,Gilligan-MN
