fork,url,commits_from_user_on_fork,returned,created_at,pushed_at,user
pg1337/OpenXcom,https://github.com/pg1337/OpenXcom,0,False,2014-08-22T11:03:46Z,2014-08-22T07:42:28Z,pg1337
ShadowGJ/OpenXcom,https://github.com/ShadowGJ/OpenXcom,3,True,2013-11-02T15:11:23Z,2013-11-02T15:13:02Z,ShadowGJ
JohnVidler/OpenXcom,https://github.com/JohnVidler/OpenXcom,0,False,2012-01-27T22:15:05Z,2012-01-22T15:31:11Z,JohnVidler
gpin/OpenXcom,https://github.com/gpin/OpenXcom,4,True,2011-03-12T10:39:50Z,2011-03-18T13:48:12Z,gpin
lgimberis/OpenXcom,https://github.com/lgimberis/OpenXcom,0,False,2021-03-20T10:40:18Z,2021-03-15T04:56:06Z,lgimberis
alienfood/OpenXcom,https://github.com/alienfood/OpenXcom,9,True,2012-11-26T00:00:40Z,2019-11-04T21:06:17Z,alienfood
myk002/OpenXcom,https://github.com/myk002/OpenXcom,238,True,2013-06-26T02:45:39Z,2021-04-08T22:23:52Z,myk002
pekka-aleksi/OpenXcom,https://github.com/pekka-aleksi/OpenXcom,0,False,2020-12-13T15:44:59Z,2020-12-05T19:34:11Z,pekka-aleksi
wleroux/OpenXcom,https://github.com/wleroux/OpenXcom,0,False,2016-01-02T20:07:12Z,2016-01-03T18:46:12Z,wleroux
kyapp69/OpenXcom,https://github.com/kyapp69/OpenXcom,0,False,2019-10-31T06:57:40Z,2019-10-27T13:49:45Z,kyapp69
Yankes/OpenXcom,https://github.com/Yankes/OpenXcom,573,True,2011-08-20T21:23:59Z,2021-05-16T14:00:03Z,Yankes
Huxellberger/OpenXcom,https://github.com/Huxellberger/OpenXcom,2,False,2018-04-08T17:01:23Z,2018-04-13T17:54:23Z,Huxellberger
lgimberis/OpenXcom,https://github.com/lgimberis/OpenXcom,0,False,2021-03-20T10:40:18Z,2021-03-15T04:56:06Z,lgimberis
knapsu/OpenXcom,https://github.com/knapsu/OpenXcom,11,True,2012-11-21T22:37:38Z,2017-07-19T04:37:28Z,knapsu
ChangeMaker13/OpenXcom,https://github.com/ChangeMaker13/OpenXcom,0,False,2018-03-10T11:41:38Z,2018-03-10T02:37:56Z,ChangeMaker13
mewbak/OpenXcom,https://github.com/mewbak/OpenXcom,0,False,2019-02-14T14:19:00Z,2019-12-25T18:15:36Z,mewbak
vluismx/OpenXcom,https://github.com/vluismx/OpenXcom,0,False,2017-07-21T01:48:54Z,2017-07-18T21:14:18Z,vluismx
AngelusEV/OpenXcom,https://github.com/AngelusEV/OpenXcom,0,False,2014-02-24T19:20:45Z,2014-02-23T18:21:39Z,AngelusEV
bslaveboy/OpenXcom,https://github.com/bslaveboy/OpenXcom,0,False,2014-10-21T20:20:33Z,2014-12-17T07:14:02Z,bslaveboy
harveypekar/OpenXcom,https://github.com/harveypekar/OpenXcom,0,False,2018-01-25T20:44:19Z,2018-01-21T04:10:52Z,harveypekar
vluismx/OpenXcom,https://github.com/vluismx/OpenXcom,0,False,2017-07-21T01:48:54Z,2017-07-18T21:14:18Z,vluismx
davideOXC/OpenXcom,https://github.com/davideOXC/OpenXcom,1,False,2014-10-06T12:56:54Z,2018-06-02T16:56:08Z,davideOXC
krzysztof-adamski/OpenXcom,https://github.com/krzysztof-adamski/OpenXcom,0,False,2019-10-06T13:37:28Z,2019-09-24T20:38:07Z,krzysztof-adamski
ajschult/OpenXcom,https://github.com/ajschult/OpenXcom,20,True,2014-06-21T22:34:40Z,2019-05-27T22:36:39Z,ajschult
mike-teehan/OpenXcom,https://github.com/mike-teehan/OpenXcom,0,False,2017-07-26T03:24:30Z,2017-07-26T03:35:20Z,mike-teehan
Nalca/OpenXcom,https://github.com/Nalca/OpenXcom,0,False,2018-10-29T09:11:30Z,2018-10-29T06:15:18Z,Nalca
ShadowGJ/OpenXcom,https://github.com/ShadowGJ/OpenXcom,3,True,2013-11-02T15:11:23Z,2013-11-02T15:13:02Z,ShadowGJ
gerv/OpenXcom,https://github.com/gerv/OpenXcom,0,False,2015-08-02T13:11:20Z,2015-08-11T23:07:10Z,gerv
uncletrunks/OpenXcom-od,https://github.com/uncletrunks/OpenXcom-od,17,False,2020-11-09T05:30:43Z,2020-11-20T06:15:37Z,uncletrunks
spdecker/OpenXcom,https://github.com/spdecker/OpenXcom,0,False,2015-09-17T14:39:48Z,2015-09-15T22:25:19Z,spdecker
cxz/OpenXcom,https://github.com/cxz/OpenXcom,0,False,2018-06-02T18:39:56Z,2018-05-18T00:51:39Z,cxz
RangelReale/OpenXcom,https://github.com/RangelReale/OpenXcom,0,False,2018-02-14T14:07:35Z,2018-02-22T14:32:54Z,RangelReale
BigDawn/OpenXcom,https://github.com/BigDawn/OpenXcom,0,False,2020-02-15T17:02:15Z,2020-02-10T08:26:49Z,BigDawn
maszekmadhacker/OpenXcom,https://github.com/maszekmadhacker/OpenXcom,0,False,2013-12-13T13:28:39Z,2013-12-13T11:11:38Z,maszekmadhacker
tbrush/XCOM-Upgrade,https://github.com/tbrush/XCOM-Upgrade,0,False,2016-01-18T14:51:33Z,2016-01-17T01:27:46Z,tbrush
bussiere/OpenXcom,https://github.com/bussiere/OpenXcom,0,False,2014-06-17T21:10:21Z,2014-06-17T16:05:03Z,bussiere
yoyko/OpenXcom,https://github.com/yoyko/OpenXcom,0,False,2012-01-12T22:33:07Z,2012-01-12T22:44:19Z,yoyko
spiderman82/OpenXcom,https://github.com/spiderman82/OpenXcom,0,False,2019-04-20T18:49:15Z,2019-04-07T17:41:11Z,spiderman82
CTimmerman/OpenXcom,https://github.com/CTimmerman/OpenXcom,0,False,2021-03-31T19:04:37Z,2021-03-29T10:49:26Z,CTimmerman
cybergerac/OpenXcom,https://github.com/cybergerac/OpenXcom,0,False,2013-05-25T19:54:39Z,2013-05-25T20:00:30Z,cybergerac
RJPercival/OpenXcom,https://github.com/RJPercival/OpenXcom,0,False,2015-07-30T02:27:44Z,2015-10-16T11:13:43Z,RJPercival
sgtltd/OpenXcom,https://github.com/sgtltd/OpenXcom,0,False,2012-02-05T23:26:22Z,2012-02-05T22:34:33Z,sgtltd
myk002/OpenXcom,https://github.com/myk002/OpenXcom,238,True,2013-06-26T02:45:39Z,2021-04-08T22:23:52Z,myk002
Juju-Dredd/OpenXcom,https://github.com/Juju-Dredd/OpenXcom,0,False,2013-08-27T20:49:10Z,2013-09-01T12:49:53Z,Juju-Dredd
MBeijer/OpenXcom,https://github.com/MBeijer/OpenXcom,0,False,2018-02-03T16:14:58Z,2018-01-28T13:43:34Z,MBeijer
wesy946072/OpenXcom,https://github.com/wesy946072/OpenXcom,0,False,2012-04-17T17:17:03Z,2012-04-17T14:45:17Z,wesy946072
Diego21ARG/OpenXcom,https://github.com/Diego21ARG/OpenXcom,0,False,2019-11-02T21:24:57Z,2019-11-02T21:28:10Z,Diego21ARG
CMDBob/OpenXcom,https://github.com/CMDBob/OpenXcom,0,False,2015-08-23T21:41:08Z,2015-08-23T21:10:16Z,CMDBob
fenyo1/OpenXcom,https://github.com/fenyo1/OpenXcom,107,True,2012-11-20T04:42:31Z,2014-07-06T09:12:43Z,fenyo1
dtrushn/OpenXcom,https://github.com/dtrushn/OpenXcom,8,True,2013-10-31T19:03:59Z,2013-11-04T23:53:58Z,dtrushn
